approach,f1,std
bl_assessment_based_all,0.40512945394722505,0.01052797287670925
bl_assessment_based_last,0.4921805594738893,0.005570981262944926
bl_user_based_all,0.5735161738956787,0.007679553763287267
user_wise,0.6285381162488841,0.4
average_user,0.7004415834464558,0.004449035250651365
bl_user_based_last,0.7203175576981387,0.01082164939322457
answer_cut,0.7722170440466494,0.007400109427017703
time_cut,0.7944365070156381,0.005467433390296889
