approach,f1,std
user_wise,0.21635601245463834,0.13740055154411082
bl_assessment_based_last,0.22635342081264367,0.024782926451111034
bl_assessment_based_all,0.230986268259931,0.030555054180288536
average_user,0.4858603022760684,0.0073766572785783835
bl_user_based_all,0.5257687205764325,0.01208296567265604
time_cut,0.5995120693279881,0.02079590509509485
answer_cut,0.6263312425784083,0.011347141726500077
bl_user_based_last,0.6585162897177369,0.022555501350976562
