approach,f1,std
bl_assessment_based_all,0.2794523129166242,0.014872681689076218
bl_assessment_based_last,0.3602545473445656,0.015453303285983882
bl_user_based_all,0.6170796534347054,0.004548134931924515
user_wise,0.6557268306438944,0.2591351392771024
answer_cut,0.6774046305238236,0.0019342007434266677
bl_user_based_last,0.6778183780334764,0.004963814007396113
average_user,0.6814312189330661,0.010822378705380218
time_cut,0.6942029583868494,0.008882572577207747
