approach,f1,std
bl_assessment_based_all,0.19249107665484733,0.025267281961292878
bl_assessment_based_last,0.2770670733174275,0.017642009082906446
user_wise,0.3528993032264458,0.0
average_user,0.44153941233984617,0.018764613315362947
answer_cut,0.4500800646370793,0.009416600769421843
bl_user_based_last,0.5125268194303776,0.016814459031137024
time_cut,0.543804017383913,0.0070539864715103845
bl_user_based_all,0.6002964536995242,0.017377843716691554
