approach,f1,std
bl_assessment_based_last,0.19830561224794327,0.03745355210101557
bl_assessment_based_all,0.2435825203717289,0.062136464749557245
bl_user_based_last,0.49248811402550435,0.05524779435123121
bl_user_based_all,0.6530145794362652,0.05550177682973549
answer_cut,0.9872534637354944,0.005799867253427338
time_cut,0.9949328743545611,0.01013425129087775
average_user,0.9959679608664204,0.008064078267159318
user_wise,,
