approach,f1,std
bl_assessment_based_all,0.11926941977813683,0.008138438619865832
bl_assessment_based_last,0.23059806762342117,0.003670478807409037
user_wise,0.37872605861730146,0.2880779215574996
user_cut,0.5381287697685989,0.003517147219438454
average_user,0.538618072850238,0.004630542991207319
bl_user_based_last,0.5418460382177535,0.004405525217750541
bl_user_based_all,0.5678793054514728,0.0058807147464991
time_cut,0.5736334940475086,0.00531811179903604
