approach,f1,std
bl_assessment_based_all,0.17394121537466253,0.014748176630164578
bl_assessment_based_last,0.19901317819265593,0.011715763958527685
user_wise,0.4221256593984033,0.2494438257849294
bl_user_based_all,0.481216135258974,0.014952717387710103
user_cut,0.5153121363232133,0.005225086653830037
bl_user_based_last,0.5482585419833949,0.010580673101194203
average_user,0.585481874238652,0.018403149574557073
time_cut,0.5995120693279881,0.02079590509509485
