approach,f1,std
bl_assessment_based_last,0.44067290801021736,0.03153749114858669
bl_assessment_based_all,0.47678191313559243,0.02704841862677439
bl_user_based_last,0.6179273299956851,0.05246818794479674
bl_user_based_all,0.6693435650346037,0.02349773262871526
time_cut,0.9949328743545611,0.01013425129087775
average_user,0.9949725403719926,0.010054919256014977
answer_cut,0.9955987924345789,0.008802415130842024
user_wise,,
