approach,f1,std
bl_assessment_based_all,0.20946825225175583,0.02648526910860078
bl_assessment_based_last,0.2707061631851167,0.017664752573445266
user_wise,0.36693623060022645,0.0
average_user,0.4159382602399079,0.015763315128382714
answer_cut,0.45411168451119516,0.014669184219796584
bl_user_based_last,0.5245449169836471,0.010338891553851978
time_cut,0.543804017383913,0.0070539864715103845
bl_user_based_all,0.6634873555934038,0.00904468912380157
