approach,f1,std
bl_assessment_based_all,0.17611788370394402,0.002171448032835509
bl_user_based_all,0.177621035892674,0.002420642791203783
bl_assessment_based_last,0.1999406993548423,0.0020366831078942327
bl_user_based_last,0.22636844616878438,0.0027981994695755984
user_wise,0.39122563966071905,0.13063945294843612
average_user,0.5073682781354802,0.004201174876408276
user_cut,0.545297629794959,0.0018510189977681698
time_cut,0.6012530396662876,0.0025802486757698384
