approach,f1,std
bl_assessment_based_all,0.10391517931566467,0.015366394373478375
bl_assessment_based_last,0.229367168507408,0.005484067061273851
user_wise,0.4916331581083199,0.2880779215574996
bl_user_based_all,0.5029952233531135,0.0037391062309820996
user_cut,0.5069197101665934,0.006134296994643753
bl_user_based_last,0.5201986304405991,0.0054564653508479
average_user,0.5240439422720333,0.00514413495193726
time_cut,0.5736334940475086,0.00531811179903604
