approach,f1,std
bl_assessment_based_all,0.1882596193671555,0.02736479978807537
bl_assessment_based_last,0.2583592219947991,0.02981035955545355
user_wise,0.31849921242055224,0.23231117219286632
average_user,0.506941454146441,0.018260396738902066
bl_user_based_all,0.5435386771046854,0.012670424887300785
answer_cut,0.5447564114775774,0.016052303527082104
time_cut,0.5995120693279881,0.02079590509509485
bl_user_based_last,0.6126340322253505,0.013852823367138615
