approach,f1,std
bl_assessment_based_all,0.19424662228494827,0.017401619069033616
bl_assessment_based_last,0.2799918127925727,0.0070197587912032
average_user,0.4116529709353838,0.017331767722094864
answer_cut,0.4589106657760101,0.013953243946463502
user_wise,0.5195941384248707,0.0
bl_user_based_last,0.5307624418924138,0.01804363958712569
time_cut,0.543804017383913,0.0070539864715103845
bl_user_based_all,0.6439117222697286,0.010459553274711477
