approach,f1,std
bl_assessment_based_all,0.13690482717407434,0.0029360853177004048
bl_user_based_all,0.1381937458917752,0.003397105749277697
bl_assessment_based_last,0.1714798026539892,0.0025018486359763845
bl_user_based_last,0.20691991356974598,0.0036754701391297747
user_wise,0.3384574360256508,0.13063945294843612
average_user,0.495952488560464,0.00490343104077161
answer_cut,0.5604135205107985,0.0030588632398849016
time_cut,0.6012530396662876,0.0025802486757698384
