approach,f1,std
bl_assessment_based_all,0.11419841399506393,0.013230346883316662
bl_assessment_based_last,0.2328514389788647,0.006636966325838409
user_wise,0.4417076532221012,0.17777777777777776
bl_user_based_all,0.5077325332845731,0.006384871468536162
user_cut,0.5326606601954523,0.005073688359969174
bl_user_based_last,0.5453289151839197,0.008268385415246101
average_user,0.5495427378425766,0.0054172110052251995
time_cut,0.5736334940475086,0.00531811179903604
