approach,f1,std
bl_assessment_based_last,0.32236251724653614,0.013660058674629643
bl_assessment_based_all,0.32997173029489063,0.017213919605547568
user_wise,0.4145214961173532,0.0
average_user,0.44755202488271056,0.013775934202584765
answer_cut,0.49475175957577355,0.015451580896591863
time_cut,0.543804017383913,0.0070539864715103845
bl_user_based_last,0.595789872783732,0.015391822317039686
bl_user_based_all,0.6729866693051193,0.00477478565981396
