approach,f1,std
bl_assessment_based_all,0.2674241210339211,0.011731155179520907
bl_assessment_based_last,0.32011784054613707,0.01076718423723873
user_wise,0.4540856532252979,0.0
bl_user_based_all,0.6017028487994562,0.007234930528968621
average_user,0.6467561781451334,0.009088758160291416
answer_cut,0.6619807746029157,0.00827436356990026
bl_user_based_last,0.6663900231720893,0.01463612476004962
time_cut,0.6942029583868494,0.008882572577207747
