approach,f1,std
bl_assessment_based_all,0.1217737809831886,0.005457135750528442
bl_assessment_based_last,0.22208066317672598,0.004288694133006099
user_wise,0.38799861330546453,0.17777777777777776
answer_cut,0.5418911122336546,0.006638810879355891
bl_user_based_last,0.5538999433419556,0.005756443084898046
average_user,0.5604469216167056,0.004248684707918609
bl_user_based_all,0.5728457400288212,0.005216145741416396
time_cut,0.5736334940475086,0.00531811179903604
