approach,f1,std
bl_assessment_based_all,0.3045349581222971,0.012162926034247462
bl_assessment_based_last,0.4432758915849399,0.0030166843802391864
bl_user_based_all,0.5503171946851207,0.005507304058351872
bl_user_based_last,0.6400319897545436,0.0026805698509336983
user_cut,0.7300114850297276,0.009176309488182505
average_user,0.7509390053845577,0.010168190911509105
time_cut,0.7944365070156381,0.005467433390296889
user_wise,0.8024925820239412,0.0
