approach,f1,std
bl_assessment_based_all,0.3536327188176984,0.03476354787184967
bl_assessment_based_last,0.5176183754958092,0.028527421343982583
bl_user_based_all,0.5337120320465714,0.03994589927682059
bl_user_based_last,0.5564674447252181,0.04347169534182928
average_user,0.9761737174827317,0.009118730448070315
time_cut,0.9949328743545611,0.01013425129087775
answer_cut,0.997750128975632,0.004499742048736044
user_wise,,
