approach,f1,std
bl_assessment_based_all,0.1835706231715974,0.0021508797001437924
bl_user_based_all,0.18399845437804876,0.0025221777643833244
bl_assessment_based_last,0.19064998974550307,0.0017207029411781074
bl_user_based_last,0.1986769605507439,0.0026560557567673346
user_wise,0.35521696779105416,0.13063945294843612
average_user,0.5000885520817472,0.005033199906781807
answer_cut,0.5263746783505882,0.0038123118989374454
time_cut,0.6012530396662876,0.0025802486757698384
