approach,f1,std
bl_assessment_based_all,0.0900750764767641,0.015209392195600194
bl_assessment_based_last,0.2837975003467249,0.006042326368552277
user_wise,0.36792509594582656,0.17777777777777776
average_user,0.5260058189549847,0.0036248164223450143
answer_cut,0.5661394349420729,0.008069249277269997
bl_user_based_all,0.566800452868851,0.0043037454044289524
bl_user_based_last,0.5688404613331125,0.004516046510565598
time_cut,0.5736334940475086,0.00531811179903604
