approach,f1,std
bl_assessment_based_all,0.1384547166840492,0.01811149397344204
bl_assessment_based_last,0.27340731162674436,0.004066703004877077
user_wise,0.3278180107072828,0.23231117219286632
answer_cut,0.5315153539852044,0.012902419742930141
average_user,0.539524092947669,0.0188609834996052
bl_user_based_all,0.5575918312206232,0.01626224689557219
bl_user_based_last,0.5666639065698035,0.008464256953737113
time_cut,0.5995120693279881,0.02079590509509485
