approach,f1,std
bl_assessment_based_all,0.2331538948260567,0.02179962722768198
bl_assessment_based_last,0.2875133725052077,0.039695635527725495
bl_user_based_last,0.6264798077194902,0.02822112165393893
bl_user_based_all,0.6870088854438468,0.03699827189305526
average_user,0.951322844509864,0.009083940220160907
answer_cut,0.9818269737365114,0.007066105253950291
time_cut,0.9949328743545611,0.01013425129087775
user_wise,,
