approach,f1,std
bl_assessment_based_all,0.16757023630227255,0.015101853176089792
bl_assessment_based_last,0.26608696266042153,0.006643555398951253
user_wise,0.3672551826020599,0.17352553446427163
average_user,0.46792604042017333,0.004483170066309852
bl_user_based_all,0.5063660822153406,0.0030232440869276535
bl_user_based_last,0.5168646929605772,0.004508525019332548
answer_cut,0.5338163445567885,0.006126833788116013
time_cut,0.5655834038494022,0.0025668935595826027
