approach,f1,std
bl_assessment_based_all,0.29821410426029954,0.0074358689753727504
bl_assessment_based_last,0.44530780316859125,0.006082053429046939
bl_user_based_all,0.5560400299339788,0.00394807258976112
bl_user_based_last,0.601831299709417,0.009291705712223507
average_user,0.6698599639806622,0.006570601055779231
answer_cut,0.6701941357973451,0.009295158925357849
user_wise,0.7328305900522675,0.0
time_cut,0.7925031318106641,0.004935435488408199
