approach,f1,std
bl_assessment_based_last,0.3134099138466827,0.012970909939273932
bl_assessment_based_all,0.3165092596635912,0.011073975544990877
user_wise,0.5328151956980223,0.0
answer_cut,0.6305228277123788,0.01231131000570457
average_user,0.6340923750348654,0.01279137139879003
bl_user_based_last,0.671352043917892,0.008048318185686165
time_cut,0.6942029583868494,0.008882572577207747
bl_user_based_all,0.6982994375086824,0.005675707194031125
