approach,f1,std
bl_assessment_based_all,0.17630609411204456,0.018342398725007186
bl_assessment_based_last,0.2745213274259808,0.011621815569792459
user_wise,0.41827095723569657,0.0
answer_cut,0.4597374439013606,0.010578861156285927
average_user,0.4701180592564171,0.015108660242568519
time_cut,0.543804017383913,0.0070539864715103845
bl_user_based_last,0.5802846040762517,0.013991214902183647
bl_user_based_all,0.6595605230392901,0.019631482178685697
