approach,f1,std
bl_assessment_based_all,0.18671123113561625,0.0028340790792173334
bl_user_based_all,0.18986521066439077,0.0030694383440999715
bl_assessment_based_last,0.20515787911640984,0.002692084793021973
bl_user_based_last,0.24964711127099823,0.0034049429374687023
user_wise,0.39173648577425957,0.24944382578492943
average_user,0.44670439274923507,0.0034238136480938047
answer_cut,0.5726238448387916,0.0024761188831014793
time_cut,0.6012530396662876,0.0025802486757698384
