approach,f1,std,val-mean
bl_assessment_based_all,0.30168555305102385,0.005875183056057385,
bl_assessment_based_last,0.4453551858080794,0.007570927003975427,
bl_user_based_all,0.5553372953890843,0.00827257407271669,
bl_user_based_last,0.6035013954903374,0.008319413106677347,
average_user,0.6460151530785782,0.04693962728000189,0.7249831042286623
user_cut,0.675369949249594,0.014229965223210673,0.7680445218343828
time_cut,0.6797951211355237,0.005379621451351495,0.7756989903591787
user_wise,0.7172291660287989,0.0,NaN
