approach,f1,std,val-mean
bl_assessment_based_all,0.30168555305102385,0.005875183056057385,
bl_assessment_based_last,0.4453551858080794,0.007570927003975427,
bl_user_based_all,0.5553372953890843,0.00827257407271669,
bl_user_based_last,0.6035013954903374,0.008319413106677347,
average_user,0.6149253341071351,0.02624386320528673,0.6866623930245129
user_wise,0.6270651577135788,0.0,
user_cut,0.67176024985937,0.015334607033302953,0.7537381373122891
time_cut,0.675498037756399,0.007859031239244887,0.7667050523827199
