approach,f1,std,val-mean
bl_assessment_based_all,0.1384547166840492,0.01811149397344204,
bl_assessment_based_last,0.27340731162674436,0.004066703004877077,
user_wise,0.4358998431698792,0.22211312514755133,
time_cut,0.4995127217257299,0.012902419742930141,0.5746566029191549
user_cut,0.5083609394624489,0.049499215596577745,0.5473189703318311
average_user,0.5434291679815748,0.03586517350036679,0.5119222578367506
bl_user_based_all,0.5575918312206232,0.01626224689557219,
bl_user_based_last,0.5666639065698035,0.008464256953737113,
