approach,f1,std,val-mean
bl_assessment_based_all,0.1384547166840492,0.01811149397344204,
bl_assessment_based_last,0.27340731162674436,0.004066703004877077,
user_wise,0.3927198322605254,0.22211312514755133,
user_cut,0.5132169560583807,0.049499215596577745,0.5473189703318311
average_user,0.5310219979472882,0.03586517350036679,0.5119222578367506
time_cut,0.5315153539852044,0.012902419742930141,0.5746566029191549
bl_user_based_all,0.5575918312206232,0.01626224689557219,
bl_user_based_last,0.5666639065698035,0.008464256953737113,
