approach,f1,std,val-mean
bl_assessment_based_all,0.1384547166840492,0.01811149397344204,
bl_assessment_based_last,0.27340731162674436,0.004066703004877077,
user_wise,0.3129257960956224,0.21223450950408468,
average_user,0.4002938300619591,0.06937925327789991,0.41277031864792707
user_cut,0.5231592057590887,0.058617207082380045,0.5580807744643737
time_cut,0.5469000799404493,0.011135458719658906,0.5682585113458785
bl_user_based_all,0.5575918312206232,0.01626224689557219,
bl_user_based_last,0.5666639065698035,0.008464256953737113,
