approach,f1,std,val-mean
bl_assessment_based_all,0.17630609411204456,0.018342398725007186,
bl_assessment_based_last,0.2745213274259808,0.011621815569792459,
user_cut,0.4538441259657456,0.022365497027515974,0.4778614024030269
time_cut,0.4597374439013606,0.010578861156285927,0.5324931580266353
average_user,0.4653368396791387,0.02467109939712529,0.43697895740280124
user_wise,0.4708761406383285,0.0,
bl_user_based_last,0.5802846040762517,0.013991214902183647,
bl_user_based_all,0.6595605230392901,0.019631482178685697,
