approach,f1,std,val-mean
bl_assessment_based_all,0.2331538948260567,0.02179962722768198,
bl_assessment_based_last,0.2875133725052077,0.039695635527725495,
bl_user_based_last,0.6264798077194902,0.02822112165393893,
bl_user_based_all,0.6870088854438468,0.03699827189305526,
average_user,0.9488136161141714,0.014592593089977637,0.9827589393259938
user_cut,0.9763383808966934,0.018043290933586104,0.9884737436371424
time_cut,0.9964669473730249,0.007066105253950291,0.9888839520843955
user_wise,,,
