approach,f1,std,val-mean
bl_assessment_based_all,0.17630609411204456,0.018342398725007186,
bl_assessment_based_last,0.2745213274259808,0.011621815569792459,
user_wise,0.3634024167599648,0.0,
average_user,0.47248442336038365,0.04013716184213194,0.4454649599459417
user_cut,0.5181367117881045,0.03839867993127173,0.5012043390056886
time_cut,0.5302629133245372,0.014146276858406118,0.5111416331370674
bl_user_based_last,0.5802846040762517,0.013991214902183647,
bl_user_based_all,0.6595605230392901,0.019631482178685697,
