approach,f1,std,val-mean
bl_assessment_based_all,0.18671123113561625,0.0028340790792173334,
bl_user_based_all,0.18986521066439077,0.0030694383440999715,
bl_assessment_based_last,0.20515787911640984,0.002692084793021973,
bl_user_based_last,0.24964711127099823,0.0034049429374687023,
user_wise,0.2808960315049606,0.09296222517045283,
average_user,0.5148726427798,0.045491264964147154,0.46881578594363305
user_cut,0.6235551163315354,0.01452301530133304,0.5753391250404751
time_cut,0.6285912468223447,0.004450754319714298,0.5914503503136735
