approach,f1,std,val-mean
bl_assessment_based_all,0.173249495173741,0.010767366288033408,
bl_assessment_based_last,0.2537437418769532,0.006602916388188713,
user_wise,0.3553807295426482,0.22588500676490048,
average_user,0.4194014719577593,0.03130244054077771,0.502627184531754
user_cut,0.4900836088279213,0.027250590363520365,0.5295550496549035
time_cut,0.5011473196246389,0.005123168770085141,0.5485428457396744
bl_user_based_all,0.5041197093942034,0.00543328177295407,
bl_user_based_last,0.5152026283816099,0.004872275602357094,
