approach,f1,std,val-mean
bl_assessment_based_all,0.173249495173741,0.010767366288033408,
bl_assessment_based_last,0.2537437418769532,0.006602916388188713,
user_wise,0.4437839970926136,0.16314927849926256,
average_user,0.469511140019614,0.016191324233012734,0.5592043364856332
bl_user_based_all,0.5041197093942034,0.00543328177295407,
bl_user_based_last,0.5152026283816099,0.004872275602357094,
user_cut,0.5184293073469711,0.025093379297579977,0.558127608152916
time_cut,0.5375378699112207,0.0036273493619296067,0.583046672881224
